{
  "hash": "12f5e4e6",
  "configHash": "91c7a6bc",
  "lockfileHash": "43bda15d",
  "browserHash": "1b5ea952",
  "optimized": {
    "react": {
      "src": "../../react/index.js",
      "file": "react.js",
      "fileHash": "9f0ebb84",
      "needsInterop": true
    },
    "react/jsx-dev-runtime": {
      "src": "../../react/jsx-dev-runtime.js",
      "file": "react_jsx-dev-runtime.js",
      "fileHash": "e9234313",
      "needsInterop": true
    },
    "react/jsx-runtime": {
      "src": "../../react/jsx-runtime.js",
      "file": "react_jsx-runtime.js",
      "fileHash": "67eee10c",
      "needsInterop": true
    },
    "react-dom/client": {
      "src": "../../react-dom/client.js",
      "file": "react-dom_client.js",
      "fileHash": "2af376b8",
      "needsInterop": true
    }
  },
  "chunks": {
    "chunk-REFQX4J5": {
      "file": "chunk-REFQX4J5.js"
    }
  }
}